City_ID,City,Country,Lat,Lng,Max Temp,Humidity,Cloudiness,Wind Speed,Current Description
0,San Patricio,US,28.017,-97.5169,68.41,51,0,8.63,clear sky
1,Aklavik,CA,68.2191,-135.0107,1.4,78,75,5.75,light snow
2,Ushuaia,AR,-54.8,-68.3,47.86,66,75,25.32,broken clouds
3,Esperance,AU,-33.8667,121.9,69.64,60,59,8.57,light rain
4,Port Hedland,AU,-20.3167,118.5667,82.45,83,40,17.27,scattered clouds
5,Hovd,MN,48.0056,91.6419,-12.68,82,19,2.19,few clouds
6,Saskylakh,RU,71.9167,114.0833,-18.44,100,100,2.91,overcast clouds
7,Narsaq,GL,60.9167,-46.05,10.62,61,100,6.17,overcast clouds
8,Touros,BR,-5.1989,-35.4608,88.7,63,22,15.86,few clouds
9,Yumen,CN,40.2833,97.2,16.75,43,100,8.03,overcast clouds
10,Inhambane,MZ,-23.865,35.3833,78.78,78,20,4.61,few clouds
11,Eureka,US,40.8021,-124.1637,46.92,92,89,5.01,overcast clouds
12,Bubaque,GW,11.2833,-15.8333,78.78,56,23,12.64,few clouds
13,Puerto Ayora,EC,-0.7393,-90.3518,82.36,71,100,9.46,overcast clouds
14,Kapaa,US,22.0752,-159.319,71.92,75,20,1.01,few clouds
15,Sitka,US,57.0531,-135.33,35.49,80,100,11.5,overcast clouds
16,Portland,US,45.5234,-122.6762,44.11,77,75,1.01,broken clouds
17,Bagotville,AU,-28.9833,153.4167,72.64,91,76,5.03,broken clouds
18,Jamestown,US,42.097,-79.2353,18.52,43,76,7.0,broken clouds
19,Busselton,AU,-33.65,115.3333,64.09,78,0,18.52,clear sky
20,Chokurdakh,RU,70.6333,147.9167,-29.6,89,36,1.16,scattered clouds
21,Saint-Philippe,RE,-21.3585,55.7679,80.19,77,68,11.54,broken clouds
22,Curvelo,BR,-18.7564,-44.4308,85.8,48,99,10.18,overcast clouds
23,Bethel,US,41.3712,-73.414,23.88,51,0,1.99,clear sky
24,Butaritari,KI,3.0707,172.7902,81.7,78,74,21.27,broken clouds
25,Callaway,US,30.153,-85.5699,59.18,59,0,3.0,clear sky
26,Bambous Virieux,MU,-20.3428,57.7575,80.85,78,75,14.97,light rain
27,Nikolskoye,RU,59.7035,30.7861,30.7,94,100,7.92,snow
28,Atuona,PF,-9.8,-139.0333,76.87,79,9,12.1,light rain
29,Severo-Kurilsk,RU,50.6789,156.125,26.37,92,100,15.28,light snow
30,Souillac,MU,-20.5167,57.5167,80.98,78,75,14.97,light rain
31,Bluff,NZ,-46.6,168.3333,58.8,92,85,2.48,overcast clouds
32,Lompoc,US,34.6391,-120.4579,69.13,40,0,3.0,clear sky
33,Codrington,AU,-38.2667,141.9667,61.7,98,6,7.36,clear sky
34,Tuktoyaktuk,CA,69.4541,-133.0374,-2.2,78,100,18.41,light snow
35,Puerto Escondido,MX,15.85,-97.0667,83.23,74,0,6.91,clear sky
36,Parkes,AU,-33.1333,148.1833,70.36,82,3,1.01,clear sky
37,Upernavik,GL,72.7868,-56.1549,-4.58,74,100,9.86,overcast clouds
38,Port Alfred,ZA,-33.5906,26.891,75.9,84,87,21.12,overcast clouds
39,Warmbad,NA,-28.45,18.7333,79.68,51,99,19.42,light rain
40,La Libertad,EC,-2.2333,-80.9,82.06,65,0,9.22,light rain
41,Alice Springs,AU,-23.7,133.8833,71.15,100,75,10.36,moderate rain
42,Mataura,NZ,-46.1927,168.8643,58.48,99,48,1.9,scattered clouds
43,Pevek,RU,69.7008,170.3133,-11.36,95,100,1.7,overcast clouds
44,Rikitea,PF,-23.1203,-134.9692,76.23,60,63,4.32,broken clouds
45,Castro,BR,-24.7911,-50.0119,64.71,97,100,6.51,overcast clouds
46,Punta Arenas,CL,-53.15,-70.9167,51.91,46,75,28.77,broken clouds
47,Cape Town,ZA,-33.9258,18.4232,88.12,63,0,4.0,clear sky
48,High Rock,BS,26.6208,-78.2833,62.62,58,97,13.33,overcast clouds
49,Lakhtar,IN,22.85,71.7833,68.7,26,0,8.05,clear sky
50,Hobart,AU,-42.8794,147.3294,57.02,90,2,5.75,clear sky
51,Victoria,HK,22.2855,114.1577,60.33,74,43,1.99,scattered clouds
52,Avarua,CK,-21.2078,-159.775,78.85,89,75,10.36,broken clouds
53,Machinga,MW,-15.1685,35.3,68.77,88,13,3.87,few clouds
54,Adre,TD,13.4667,22.2,72.23,16,0,3.58,clear sky
55,Tari,NG,12.4086,4.4914,86.18,8,60,14.74,broken clouds
56,Saint-Pierre,RE,-21.3393,55.4781,80.28,78,20,14.97,few clouds
57,Khatanga,RU,71.9667,102.5,-9.72,98,98,9.4,overcast clouds
58,Georgetown,MY,5.4112,100.3354,83.89,88,20,0.0,few clouds
59,Kaitangata,NZ,-46.2817,169.8464,53.78,96,53,2.28,broken clouds
60,Chapais,CA,49.7834,-74.8492,-4.22,85,98,8.48,overcast clouds
61,Salinopolis,BR,-0.6136,-47.3561,80.01,82,95,8.43,overcast clouds
62,Primero De Enero,CU,21.9469,-78.4283,66.06,40,16,14.16,few clouds
63,Vani,GE,42.0832,42.5216,38.89,70,100,6.91,overcast clouds
64,Bredasdorp,ZA,-34.5322,20.0403,75.27,73,6,16.11,clear sky
65,Qaanaaq,GL,77.484,-69.3632,-7.4,75,100,10.13,overcast clouds
66,Aksarka,RU,66.5606,67.7975,-1.68,96,100,6.2,overcast clouds
67,Coihaique,CL,-45.5752,-72.0662,57.81,47,40,8.05,scattered clouds
68,Kavieng,PG,-2.5744,150.7967,81.05,76,92,2.68,light rain
69,Autun,FR,46.95,4.3,43.5,94,12,2.46,few clouds
70,Norman Wells,CA,65.282,-126.8329,-34.56,61,75,0.0,broken clouds
71,Mangan,IN,27.5167,88.5333,51.4,74,91,1.99,overcast clouds
72,Sakakah,SA,29.9697,40.2064,56.77,40,55,11.83,broken clouds
73,Saint Anthony,US,45.0205,-93.218,19.33,69,0,3.0,clear sky
74,Maua,BR,-23.6678,-46.4614,72.86,94,100,5.39,moderate rain
75,Port Blair,IN,11.6667,92.75,73.44,83,20,1.14,mist
76,Udachnyy,RU,66.4167,112.4,-28.89,100,33,2.82,scattered clouds
77,Albany,US,42.6001,-73.9662,19.81,37,37,1.99,scattered clouds
78,Okato,NZ,-39.2,173.8833,61.92,91,11,4.54,few clouds
79,Bundaberg,AU,-24.85,152.35,72.21,97,65,1.01,broken clouds
80,Talcahuano,CL,-36.7167,-73.1167,71.28,60,40,17.27,scattered clouds
81,Clyde River,CA,70.4692,-68.5914,-14.57,64,75,6.91,light snow
82,Silver City,US,32.7701,-108.2803,44.56,50,100,5.75,overcast clouds
83,Balabac,PH,7.9868,117.0645,80.6,77,9,3.42,clear sky
84,Ulaangom,MN,49.9811,92.0667,-24.12,93,89,3.53,overcast clouds
85,Katsuura,JP,35.1333,140.3,41.18,65,100,11.12,overcast clouds
86,Dodoma,TZ,-6.1722,35.7395,67.32,91,72,5.59,light rain
87,Mar Del Plata,AR,-38.0023,-57.5575,86.02,56,0,20.0,clear sky
88,Caravelas,BR,-17.7125,-39.2481,87.22,61,87,12.86,overcast clouds
89,Eucaliptus,BO,-17.5833,-67.5167,58.69,61,99,8.37,overcast clouds
90,Natal,BR,-5.795,-35.2094,88.45,66,40,17.27,scattered clouds
91,Constitucion,CL,-35.3333,-72.4167,70.2,57,2,16.58,clear sky
92,Hermanus,ZA,-34.4187,19.2345,87.91,65,28,19.37,scattered clouds
93,Martapura,ID,-3.4167,114.85,78.89,89,100,5.75,overcast clouds
94,Kushva,RU,58.2906,59.7592,2.73,98,100,1.12,overcast clouds
95,Airai,TL,-8.9266,125.4092,61.36,94,96,3.67,overcast clouds
96,Naryan-Mar,RU,67.6713,53.087,12.31,92,100,13.56,overcast clouds
97,Buraydah,SA,26.326,43.975,63.05,34,38,16.17,scattered clouds
98,Tautira,PF,-17.7333,-149.15,73.42,76,92,9.86,light rain
99,Faanui,PF,-16.4833,-151.75,79.77,73,68,6.87,light rain
100,Cherskiy,RU,68.75,161.3,-26.1,98,86,4.99,overcast clouds
101,Comodoro Rivadavia,AR,-45.8667,-67.5,62.46,20,40,17.27,scattered clouds
102,Kawalu,ID,-7.3817,108.2082,72.55,97,100,1.48,light rain
103,Kruisfontein,ZA,-34.0033,24.7314,74.88,82,82,14.38,broken clouds
104,Saint George,US,37.1041,-113.5841,49.35,31,0,3.0,clear sky
105,Methoni,GR,36.8197,21.7049,52.21,64,17,14.52,few clouds
106,New Norfolk,AU,-42.7826,147.0587,56.66,76,2,2.01,clear sky
107,Kupang,ID,-10.1667,123.5833,81.18,89,75,6.91,broken clouds
108,Belgrade,RS,44.804,20.4651,47.7,62,20,4.0,few clouds
109,Abu Samrah,SY,35.3029,37.1841,45.07,71,68,6.87,broken clouds
110,Nouadhibou,MR,20.931,-17.0347,69.78,64,96,14.97,overcast clouds
111,Punta Umbria,ES,37.1821,-6.9661,59.23,47,67,1.23,broken clouds
112,Guebwiller,FR,47.9167,7.2,43.27,82,38,1.1,scattered clouds
113,Arraial Do Cabo,BR,-22.9661,-42.0278,87.76,62,40,4.61,scattered clouds
114,Yellowknife,CA,62.456,-114.3525,-14.28,76,100,10.36,light snow
115,Ampanihy,MG,-24.7,44.75,73.58,63,84,12.03,broken clouds
116,Vaini,TO,-21.2,-175.2,80.46,77,100,11.88,overcast clouds
117,Road Town,VG,18.4167,-64.6167,82.49,65,40,10.36,scattered clouds
118,Taldan,RU,53.6667,124.8,-5.93,87,55,4.99,broken clouds
119,Austin,US,30.2672,-97.7431,64.67,46,0,5.99,clear sky
120,Avera,US,33.194,-82.5271,53.44,32,0,16.02,clear sky
121,Ust-Kuyga,RU,70.0167,135.6,-31.77,99,98,5.95,overcast clouds
122,Abriaqui,CO,6.6315,-76.0644,70.07,49,67,2.71,broken clouds
123,Port Hardy,CA,50.6996,-127.4199,39.76,100,100,4.61,light rain
124,Adrar,MR,20.5022,-10.0711,82.49,10,100,10.87,overcast clouds
125,Acajutla,SV,13.5928,-89.8275,84.79,40,3,6.87,clear sky
126,Pano Polemidia,CY,34.7,33.0,52.47,93,75,6.91,broken clouds
127,Kharan,PK,28.5833,65.4167,62.06,34,0,4.52,clear sky
128,Birjand,IR,32.8663,59.2211,36.07,27,0,0.0,clear sky
129,Batticaloa,LK,7.7102,81.6924,78.26,85,29,9.95,scattered clouds
130,Hamilton,US,39.1834,-84.5333,37.08,57,0,3.0,light rain
131,Aberdeen,GB,57.1437,-2.0981,41.49,87,75,17.27,moderate rain
132,Los Llanos De Aridane,ES,28.6585,-17.9182,64.15,80,20,4.0,few clouds
133,Ozernovskiy,RU,51.5,156.5167,23.56,94,100,3.51,light snow
134,Hilo,US,19.7297,-155.09,66.79,74,40,3.44,scattered clouds
135,Hanna,CA,51.6334,-111.9018,24.37,80,41,3.6,scattered clouds
136,Tateyama,JP,34.9833,139.8667,41.09,54,100,14.56,overcast clouds
137,Prienai,LT,54.6333,23.95,32.27,95,100,23.76,light snow
138,Biltine,TD,14.5333,20.9167,70.9,12,15,11.18,few clouds
139,Almaty,KZ,43.25,76.95,22.91,93,40,4.47,fog
140,Bengkulu,ID,-3.8004,102.2655,76.51,92,100,4.76,moderate rain
141,Port Lincoln,AU,-34.7333,135.8667,66.16,84,1,10.69,clear sky
142,Yar-Sale,RU,66.8333,70.8333,-1.68,96,100,7.92,overcast clouds
143,Ca Mau,VN,9.1769,105.15,74.89,88,99,4.59,overcast clouds
144,Richards Bay,ZA,-28.783,32.0377,75.06,74,40,8.77,scattered clouds
145,Vanavara,RU,60.34,102.2797,-16.55,100,99,1.66,overcast clouds
146,Hithadhoo,MV,-0.6,73.0833,81.97,69,100,8.43,overcast clouds
147,Chumikan,RU,54.7183,135.315,-0.17,82,100,17.0,overcast clouds
148,Poum,NC,-20.2333,164.0167,79.7,79,99,7.94,overcast clouds
149,Birao,CF,10.2849,22.7882,75.02,15,30,5.91,scattered clouds
150,Torbay,CA,47.6666,-52.7314,47.75,90,100,26.46,overcast clouds
151,Lang Son,VN,21.8333,106.7333,47.25,91,100,5.21,overcast clouds
152,East London,ZA,-33.0153,27.9116,76.14,83,0,14.97,clear sky
153,Luderitz,NA,-26.6481,15.1594,69.71,75,68,10.63,broken clouds
154,Hambantota,LK,6.1241,81.1185,77.38,87,16,11.74,few clouds
155,Cururupu,BR,-1.8283,-44.8683,79.65,83,96,6.38,overcast clouds
156,Margate,GB,51.3813,1.3862,43.7,75,93,3.0,overcast clouds
157,Nanortalik,GL,60.1432,-45.2371,18.1,67,100,10.74,light snow
158,Salinas,US,36.6777,-121.6555,56.57,62,0,13.8,clear sky
159,Kaka,TM,37.3482,59.6143,43.0,58,1,7.76,clear sky
160,Mercedes,AR,-34.6515,-59.4307,87.85,26,0,8.48,clear sky
161,Alofi,NU,-19.0595,-169.9187,73.29,94,95,2.3,overcast clouds
162,Tuatapere,NZ,-46.1333,167.6833,58.82,95,49,2.48,scattered clouds
163,Adelaide,AU,-34.9333,138.6,73.04,63,0,0.0,clear sky
164,Leningradskiy,RU,69.3833,178.4167,-8.9,93,100,0.51,overcast clouds
165,Talnakh,RU,69.4865,88.3972,-11.49,97,89,8.66,overcast clouds
166,Tias,ES,28.9611,-13.645,64.15,59,0,8.05,clear sky
167,Filadelfia,US,39.9523,-75.1638,26.02,41,40,5.01,scattered clouds
168,Kulhudhuffushi,MV,6.6221,73.07,80.91,77,32,10.47,scattered clouds
169,Porto Santo,PT,33.072,-16.3415,68.31,82,40,16.11,scattered clouds
170,Antalaha,MG,-14.9003,50.2788,77.11,86,88,9.78,overcast clouds
171,Kuji,JP,40.1878,141.7689,22.59,69,34,13.78,scattered clouds
172,Mount Isa,AU,-20.7333,139.5,74.97,100,100,6.91,overcast clouds
173,Balkanabat,TM,39.5108,54.3671,46.22,46,70,8.72,broken clouds
174,Geraldton,AU,-28.7667,114.6,72.01,94,100,16.11,overcast clouds
175,Vanimo,PG,-2.6741,141.3028,77.09,87,99,9.84,moderate rain
176,Chichi,NG,7.2721,8.9332,86.76,11,70,8.75,broken clouds
177,Fortuna,US,40.5982,-124.1573,46.65,97,100,0.0,overcast clouds
178,Algiers,DZ,36.7525,3.042,53.42,67,0,5.75,clear sky
179,Piro,IN,25.3333,84.4167,53.53,68,0,0.34,clear sky
180,Innisfail,AU,-17.5333,146.0333,73.99,90,17,4.54,few clouds
181,Lebu,CL,-37.6167,-73.65,63.14,66,55,16.91,broken clouds
182,Hofn,IS,64.2539,-15.2082,27.46,49,67,22.66,broken clouds
183,Chuy,UY,-33.6971,-53.4616,79.66,55,99,12.64,overcast clouds
184,Iqaluit,CA,63.7506,-68.5145,-9.67,64,75,3.44,broken clouds
185,Valparaiso,CL,-33.0393,-71.6273,70.03,65,0,9.22,clear sky
186,Oktyabrskiy,RU,54.4815,53.471,24.12,96,100,4.99,overcast clouds
187,Muros,ES,42.7762,-9.0603,64.9,51,0,3.27,clear sky
188,Carnarvon,AU,-24.8667,113.6333,80.67,74,13,14.97,few clouds
189,Guerrero Negro,MX,27.9769,-114.0611,64.42,56,69,11.32,broken clouds
190,Porto-Vecchio,FR,41.591,9.2795,53.13,71,100,4.61,overcast clouds
191,Provideniya,RU,64.3833,-173.3,5.32,80,1,7.87,clear sky
192,Broome,US,42.2506,-75.833,20.21,65,0,4.0,clear sky
193,Ixtapa,MX,20.7,-105.2,78.03,50,0,2.3,clear sky
194,Ponta Do Sol,PT,32.6667,-17.1,69.71,50,0,7.63,clear sky
195,Seybaplaya,MX,19.65,-90.6667,71.06,51,27,5.66,scattered clouds
196,Canico,PT,32.6333,-16.85,69.71,71,20,1.99,few clouds
197,Knysna,ZA,-34.0363,23.0471,70.18,91,68,5.66,broken clouds
198,Lavrentiya,RU,65.5833,-171.0,-4.76,88,4,5.12,clear sky
199,Kidal,ML,18.4411,1.4078,77.13,12,2,11.14,clear sky
200,Pacifica,US,37.6138,-122.4869,55.81,87,20,5.99,mist
201,Taoudenni,ML,22.6783,-3.9836,79.9,13,91,14.36,overcast clouds
202,Tasiilaq,GL,65.6145,-37.6368,8.76,35,6,31.97,clear sky
203,Juneau,US,58.3019,-134.4197,34.21,94,100,10.36,light snow
204,Pangnirtung,CA,66.1451,-65.7125,-18.4,57,75,0.0,broken clouds
205,Shaunavon,CA,49.6501,-108.4181,31.78,75,89,5.53,overcast clouds
206,Dudinka,RU,69.4058,86.1778,-12.98,98,89,8.72,overcast clouds
207,Gat,IL,31.61,34.7642,54.39,100,6,3.44,clear sky
208,Taiyuan,CN,37.8694,112.5603,22.86,30,0,11.18,clear sky
209,Ribeira Grande,PT,38.5167,-28.7,59.4,72,40,19.57,scattered clouds
210,Pedasi,PA,7.5333,-80.0333,80.49,65,33,21.07,scattered clouds
211,Sorong,ID,-0.8833,131.25,81.18,77,100,8.97,overcast clouds
212,Kavaratti,IN,10.5669,72.642,81.37,71,42,9.55,scattered clouds
213,Kamenka,RU,51.3223,42.7678,24.75,93,100,13.06,overcast clouds
214,San Cristobal,VE,7.7669,-72.225,68.18,40,88,4.97,overcast clouds
215,Samarai,PG,-10.6167,150.6667,80.62,79,100,10.22,overcast clouds
216,Charters Towers,AU,-20.1,146.2667,73.53,82,3,5.14,clear sky
217,Karla,EE,59.3723,24.9275,29.14,84,100,11.5,overcast clouds
218,Mackenzie,CA,55.2999,-123.1698,32.22,93,100,6.91,overcast clouds
219,Suntar,RU,62.1444,117.6319,-17.1,99,55,3.89,broken clouds
220,Pisco,PE,-13.7,-76.2167,74.01,73,0,10.36,clear sky
221,Volary,CZ,48.9088,13.8866,35.62,76,51,16.17,broken clouds
222,Nizhnyaya Tavda,RU,57.6731,66.1725,-3.41,100,100,1.05,overcast clouds
223,Ler,SS,8.3018,30.1418,81.37,18,80,5.1,broken clouds
224,Kodiak,US,57.79,-152.4072,24.31,74,75,10.36,broken clouds
225,Lata,PT,40.1629,-8.3327,61.21,49,88,2.21,overcast clouds
226,Chalmette,US,29.9427,-89.9634,64.99,48,0,8.99,clear sky
227,Mlonggo,ID,-6.5333,110.7,79.16,84,100,5.68,light rain
228,Cayenne,GF,4.9333,-52.3333,80.64,84,100,5.01,overcast clouds
229,Mehamn,NO,71.0357,27.8492,32.18,64,75,23.02,broken clouds
230,Vestmanna,FO,62.1564,-7.1664,32.92,93,75,6.91,broken clouds
231,Tiksi,RU,71.6872,128.8694,-17.25,100,82,4.14,broken clouds
232,Great Yarmouth,GB,52.6083,1.7305,43.95,77,83,14.23,broken clouds
233,Kingaroy,AU,-26.5333,151.8333,68.04,100,75,4.61,broken clouds
234,Thompson,CA,55.7435,-97.8558,1.56,78,100,2.3,overcast clouds
235,Verkhnyaya Tura,RU,58.3594,59.8175,2.77,98,100,1.16,overcast clouds
236,Falmouth,GB,50.1544,-5.0711,49.1,93,75,10.36,broken clouds
237,Mahebourg,MU,-20.4081,57.7,80.89,78,75,14.97,broken clouds
238,Zhangjiakou,CN,40.81,114.8794,14.05,55,63,7.7,broken clouds
239,Tianpeng,CN,30.9866,103.9393,39.67,79,100,3.31,overcast clouds
240,Taybad,IR,34.74,60.7756,40.44,70,1,5.73,clear sky
241,Laguna,US,38.421,-121.4238,58.08,75,0,4.61,clear sky
242,Necochea,AR,-38.5473,-58.7368,76.03,63,90,20.51,overcast clouds
243,Benghazi,LY,32.1167,20.0667,56.52,65,83,24.0,broken clouds
244,Beloha,MG,-25.1667,45.05,74.57,68,88,15.77,overcast clouds
245,Yulara,AU,-25.2406,130.9889,73.24,100,40,12.66,light rain
246,Corinth,GR,37.9407,22.9573,49.68,71,29,2.21,scattered clouds
247,Hays,US,30.0502,-98.0336,64.08,44,2,12.08,clear sky
248,Vilaka,LV,57.1846,27.6722,30.56,97,100,3.09,overcast clouds
249,Songea,TZ,-10.6833,35.65,64.42,96,38,2.91,light rain
250,Pilar,BR,-9.5972,-35.9567,87.73,49,93,11.81,overcast clouds
251,Makakilo City,US,21.3469,-158.0858,72.28,74,0,5.75,clear sky
252,Lagoa,PT,39.05,-27.9833,57.78,66,66,22.37,broken clouds
253,Evensk,RU,61.95,159.2333,18.41,83,100,25.97,light snow
254,Gazli,UZ,40.1333,63.45,36.43,63,0,10.85,clear sky
255,Nambucca Heads,AU,-30.65,153.0,72.18,91,42,5.39,scattered clouds
256,Hasaki,JP,35.7333,140.8333,34.2,49,96,13.98,overcast clouds
257,Tibati,CM,6.4667,12.6333,77.36,17,100,7.29,overcast clouds
258,Vila,PT,42.0304,-8.1588,52.34,65,0,3.33,clear sky
259,Lujiang,CN,31.2581,117.2817,32.05,77,51,0.92,broken clouds
260,Dahra,DZ,36.2546,0.8519,60.19,41,0,3.06,clear sky
261,Luanda,AO,-8.8368,13.2343,79.32,82,98,11.97,overcast clouds
262,Fort Nelson,CA,58.8053,-122.7002,-0.81,78,100,5.75,light snow
263,Balkhash,KZ,46.844,74.9804,4.71,100,67,4.43,broken clouds
264,Sorland,NO,67.667,12.6934,33.66,50,100,17.69,overcast clouds
265,Aquiraz,BR,-3.9014,-38.3911,87.89,74,99,10.25,overcast clouds
266,Kapit,MY,2.0167,112.9333,72.77,99,100,0.36,overcast clouds
267,Cuautepec,MX,16.7,-99.0,85.19,51,5,6.55,clear sky
268,Dikson,RU,73.5069,80.5464,-1.12,92,100,21.39,overcast clouds
269,Saint-Ambroise,CA,48.5501,-71.3324,5.49,55,83,16.11,broken clouds
270,Tiznit,MA,29.5833,-9.5,66.52,20,82,19.82,broken clouds
271,Cidreira,BR,-30.1811,-50.2056,76.84,57,7,16.49,clear sky
272,Benjamin Constant,BR,-4.3831,-70.0311,91.53,62,40,9.22,scattered clouds
273,Ribas Do Rio Pardo,BR,-20.4431,-53.7592,80.24,77,87,11.25,overcast clouds
274,Kaniama,CD,-7.5667,24.1833,67.53,89,95,0.67,overcast clouds
275,Tahoua,NE,14.8888,5.2692,84.18,5,0,16.11,clear sky
276,Saquena,PE,-4.6667,-73.5167,90.43,42,100,3.96,overcast clouds
277,Padang,ID,-0.9492,100.3543,75.25,92,100,3.49,moderate rain
278,Cuilco,GT,15.4,-91.9667,72.75,46,25,4.88,scattered clouds
279,Baykit,RU,61.67,96.37,-11.31,100,94,1.14,overcast clouds
280,Dumas,US,35.8656,-101.9732,54.03,20,0,4.61,clear sky
281,Bilma,NE,18.6853,12.9164,64.58,15,1,13.65,clear sky
282,Kelme,LT,55.6339,22.9342,30.22,89,100,23.85,overcast clouds
283,Leshukonskoye,RU,64.8989,45.7622,10.49,95,100,6.35,overcast clouds
284,Dickson,US,36.077,-87.3878,50.27,44,0,5.99,clear sky
285,Samastipur,IN,25.85,85.7833,55.33,64,0,3.27,clear sky
286,Tawau,MY,4.2498,117.8871,75.33,94,80,3.0,broken clouds
287,Maracacume,BR,-2.0428,-45.9592,80.58,85,84,4.88,broken clouds
288,Vilyuysk,RU,63.7553,121.6247,-24.14,100,67,4.65,broken clouds
289,Keflavik,IS,64.0049,-22.5624,27.03,50,75,37.98,broken clouds
290,Meulaboh,ID,4.1363,96.1285,78.15,81,84,3.29,broken clouds
291,Verkhnyaya Inta,RU,65.9811,60.3094,2.52,89,100,6.11,overcast clouds
292,Longyearbyen,SJ,78.2186,15.6401,8.44,66,0,18.41,clear sky
293,Puerto Carreno,CO,6.189,-67.4859,89.58,43,20,11.5,few clouds
294,Voh,NC,-20.9667,164.7,76.06,90,99,3.2,overcast clouds
295,Pascagoula,US,30.3658,-88.5561,63.05,48,0,11.5,clear sky
296,Charlestown,AU,-32.95,151.6667,70.83,93,50,1.14,scattered clouds
297,Madimba,TZ,-10.4,40.3333,76.86,85,55,3.6,broken clouds
298,Manado,ID,1.487,124.8455,75.97,94,40,0.0,scattered clouds
299,Giyani,ZA,-23.3025,30.7187,73.29,76,88,8.34,overcast clouds
300,Katobu,ID,-4.9408,122.5276,76.86,86,100,2.26,overcast clouds
301,Port Elizabeth,ZA,-33.918,25.5701,77.09,83,20,18.41,few clouds
302,Santiago De Cao,PE,-7.9589,-79.2392,69.93,78,40,10.36,scattered clouds
303,San Jeronimo,PE,-11.9472,-75.2829,59.36,57,100,5.35,overcast clouds
304,Lorengau,PG,-2.0226,147.2712,79.23,82,100,10.45,light rain
305,Naze,JP,28.3667,129.4833,52.81,69,97,18.9,overcast clouds
306,Kutum,SD,14.2,24.6667,61.97,14,1,10.8,clear sky
307,Matara,LK,5.9485,80.5353,76.95,91,34,7.27,scattered clouds
308,Kahului,US,20.8947,-156.47,74.84,75,20,3.44,few clouds
309,Sao Filipe,CV,14.8961,-24.4956,71.82,70,100,15.59,overcast clouds
310,Fairbanks,US,64.8378,-147.7164,-28.98,67,0,0.0,light snow
311,Hirara,JP,24.8,125.2833,62.42,61,92,28.95,overcast clouds
312,Cortez,US,37.3489,-108.5859,51.69,40,0,0.0,clear sky
313,Sucua,EC,-2.4667,-78.1667,70.54,94,100,4.61,moderate rain
314,Chapayevka,UA,47.4711,36.3451,32.05,93,100,18.23,overcast clouds
315,Gambela,ET,8.25,34.5833,86.68,25,17,3.49,few clouds
316,Havoysund,NO,70.9963,24.6622,32.23,66,95,14.5,overcast clouds
317,Kitimat,CA,54.0524,-128.6534,37.9,49,100,5.44,overcast clouds
318,Sonoita,MX,31.85,-112.8333,63.54,19,1,3.42,clear sky
319,Mnogovershinnyy,RU,53.9353,139.9242,1.49,96,100,6.38,light snow
320,Parry Sound,CA,45.3501,-80.033,21.22,67,97,2.01,overcast clouds
321,Kishapu,TZ,-3.6167,33.8667,68.45,84,92,3.98,moderate rain
322,Freeport,US,40.6576,-73.5832,26.11,56,0,7.0,clear sky
323,Cockburn Town,TC,21.4612,-71.1419,78.76,65,40,17.27,scattered clouds
324,Ueda,JP,36.4,138.2667,27.61,89,96,3.4,overcast clouds
325,Tabas,IR,33.5959,56.9244,46.96,29,7,1.34,clear sky
326,Korla,CN,41.7597,86.1469,23.4,59,39,2.28,scattered clouds
327,Tilichiki,RU,60.4667,166.1,24.22,80,96,17.27,overcast clouds
328,Ibra,OM,22.6906,58.5334,73.13,26,0,4.68,clear sky
329,Bereda,ES,43.2686,-7.5406,51.55,97,3,3.24,clear sky
330,Barrow,US,71.2906,-156.7887,-11.18,77,40,10.36,scattered clouds
331,Bere,TD,9.3202,16.1552,78.71,15,33,6.29,scattered clouds
332,Auki,SB,-8.7676,160.7034,77.61,87,100,3.74,overcast clouds
333,Koslan,RU,63.4564,48.8989,2.86,99,95,3.67,overcast clouds
334,San Andres,CO,12.5847,-81.7006,84.22,65,40,9.22,scattered clouds
335,Galesong,ID,-5.3166,119.3661,77.02,77,100,6.91,overcast clouds
336,La Ronge,CA,55.1001,-105.2842,12.45,85,100,11.5,overcast clouds
337,Vardo,NO,70.3705,31.1107,26.58,80,75,17.27,light snow
338,Porto Novo,BJ,6.4965,2.6036,87.62,54,79,6.6,broken clouds
339,Nome,US,64.5011,-165.4064,-6.9,77,0,0.0,clear sky
340,Aksu,CN,41.1231,80.2644,23.31,49,35,1.12,scattered clouds
341,Hakkari,TR,37.5833,44.1667,9.27,98,94,2.19,overcast clouds
342,San Juan,AR,-31.5375,-68.5364,93.45,25,0,10.65,clear sky
343,Boguchar,RU,49.9358,40.545,29.44,91,100,16.11,light snow
344,Beyneu,KZ,45.3167,55.2,33.17,76,98,14.14,overcast clouds
345,Barajevo,RS,44.5789,20.4158,43.21,61,22,13.42,few clouds
346,Yarmouth,US,41.7057,-70.2286,22.08,80,29,15.64,scattered clouds
347,Merauke,ID,-8.4667,140.3333,77.68,84,100,3.65,overcast clouds
348,Hami,CN,42.8,93.45,24.17,39,100,1.97,overcast clouds
349,Mocuba,MZ,-16.8392,36.9856,72.39,97,16,3.96,few clouds
350,Pescara,IT,42.3333,13.95,48.45,63,4,1.88,clear sky
351,Sunbury,AU,-37.5833,144.7333,68.56,93,100,1.99,overcast clouds
352,Stromness,GB,58.965,-3.296,39.45,97,100,29.01,heavy intensity rain
353,Clinton,US,42.587,-82.9199,25.79,65,75,1.01,broken clouds
354,Kailua,US,21.4022,-157.7394,73.74,73,75,4.61,broken clouds
355,Katangli,RU,51.7102,143.2326,-5.17,90,86,10.45,overcast clouds
356,Petropavlovsk-Kamchatskiy,RU,53.0452,158.6483,12.79,92,0,8.95,clear sky
357,Piney Green,US,34.716,-77.3202,42.19,23,0,9.22,clear sky
358,La Rioja,ES,42.25,-2.5,51.58,54,0,4.61,clear sky
359,Sistranda,NO,63.7256,8.834,35.91,58,100,10.27,overcast clouds
360,Dharmadam,IN,11.7833,75.4333,76.82,77,24,4.21,few clouds
361,Kulgam,IN,33.65,75.0167,34.32,67,93,3.33,overcast clouds
362,Hobyo,SO,5.3505,48.5268,77.47,74,94,16.93,overcast clouds
363,Pokhara,NP,28.2333,83.9833,50.63,79,90,0.56,overcast clouds
364,Alta Floresta,BR,-9.8756,-56.0861,80.42,78,100,9.22,light rain
365,Milyutinskaya,RU,48.6279,41.6679,30.76,94,79,15.52,light snow
366,Shimoda,JP,34.6667,138.95,39.11,64,99,12.26,overcast clouds
367,Trairi,BR,-3.2778,-39.2689,78.3,85,100,7.16,overcast clouds
368,Bajil,YE,15.0584,43.2851,78.62,65,28,6.85,scattered clouds
369,Chipata,ZM,-13.6333,32.65,63.27,99,60,3.87,light rain
370,Kinsale,IE,51.7075,-8.5306,49.37,93,75,18.41,broken clouds
371,Sheregesh,RU,52.9209,87.9869,-0.74,97,14,3.09,few clouds
372,Sumbe,AO,-11.2061,13.8437,78.44,84,95,7.9,overcast clouds
373,Nuuk,GL,64.1835,-51.7216,14.61,79,100,9.22,light shower snow
374,Saint-Augustin,CA,51.226,-58.6502,28.92,95,99,24.45,light snow
375,Rawson,AR,-43.3002,-65.1023,57.78,54,96,25.55,light rain
376,Redange,LU,49.7656,5.8908,40.44,79,9,2.35,clear sky
377,Komsomolskiy,UZ,40.4272,71.7189,33.22,86,100,4.61,mist
378,Pandan Niog,PH,6.2282,120.5631,81.28,76,31,8.12,scattered clouds
379,Santiago,CL,-33.4569,-70.6483,83.28,44,0,4.61,clear sky
380,Jijiga,ET,9.35,42.8,61.84,46,46,9.78,scattered clouds
381,Leh,IN,34.1667,77.5833,10.15,84,100,1.72,overcast clouds
382,Dongsheng,CN,39.8161,109.9776,9.37,45,4,18.86,clear sky
383,Strenci,LV,57.6257,25.6854,33.42,99,100,1.05,light snow
384,Virginia Beach,US,36.8529,-75.978,34.09,42,0,9.22,clear sky
385,Vostok,RU,46.4856,135.8833,-21.5,99,71,3.8,broken clouds
386,Lhokseumawe,ID,5.1801,97.1507,77.07,83,45,4.32,scattered clouds
387,Ilulissat,GL,69.2167,-51.1,8.62,66,75,17.27,light shower snow
388,Caraquet,CA,47.7941,-64.9386,14.58,86,87,21.7,overcast clouds
389,Svetlyy,RU,54.675,20.1347,37.45,76,100,31.12,overcast clouds
390,Pandan,PH,14.0453,124.1694,77.0,88,30,9.04,light rain
391,Brae,GB,60.3964,-1.353,40.91,73,100,17.69,overcast clouds
392,Labuhan,ID,-6.8844,112.2051,77.83,88,100,5.59,light rain
393,Brunswick,US,41.2381,-81.8418,25.45,71,100,3.0,overcast clouds
394,Aban,RU,56.67,96.06,-7.62,99,96,1.5,overcast clouds
395,Nemuro,JP,43.3236,145.575,16.38,67,28,14.92,scattered clouds
396,Smithers,CA,54.7804,-127.1743,26.92,100,100,3.44,light snow
397,Lithakia,GR,37.7167,20.8333,48.58,71,0,4.61,clear sky
398,Rudnogorsk,RU,57.2639,103.7519,-3.73,100,100,1.45,overcast clouds
399,Ulagan,RU,50.6321,87.9563,-8.19,85,81,2.01,broken clouds
400,Botngard,NO,63.7653,9.8111,35.78,86,75,3.44,light snow
401,Yenagoa,NG,4.9247,6.2642,82.56,35,100,8.57,overcast clouds
402,Astanajapura,ID,-6.8017,108.6311,78.51,87,100,3.6,light rain
403,Rabo De Peixe,PT,37.8,-25.5833,60.28,92,40,12.66,scattered clouds
404,Rio Grande,BR,-32.035,-52.0986,82.51,53,19,16.33,few clouds
405,Usinsk,RU,65.9939,57.5281,1.87,99,99,6.78,overcast clouds
406,Kenai,US,60.5544,-151.2583,19.45,93,100,4.61,overcast clouds
407,Turochak,RU,52.2576,87.1224,-3.08,100,30,2.84,scattered clouds
408,Acapulco,MX,16.8634,-99.8901,85.82,54,0,4.61,clear sky
409,Matagami,CA,49.7502,-77.6328,-2.09,78,20,12.66,haze
410,Mukhen,RU,48.1,136.1,-18.35,98,66,2.98,broken clouds
411,Villa Carlos Paz,AR,-31.4241,-64.4978,88.05,10,0,4.0,clear sky
412,Sabang,ID,5.8933,95.3214,81.81,72,29,6.98,scattered clouds
413,Kantunilkin,MX,21.0917,-87.45,73.24,51,48,5.3,scattered clouds
414,Mouila,GA,-1.8685,11.0559,75.11,93,100,3.04,moderate rain
415,Biak,ID,-0.9131,122.8766,76.32,80,88,5.59,overcast clouds
416,Tongren,CN,27.7172,109.1853,36.25,99,100,3.29,moderate rain
417,Sur,OM,22.5667,59.5289,72.28,67,2,1.3,clear sky
418,Mogadouro,PT,41.3403,-6.7119,43.14,50,1,1.39,clear sky
419,General Higinio Morinigo,PY,-25.95,-55.9167,93.61,28,37,3.04,scattered clouds
420,Severnoye,RU,56.3491,78.3619,7.65,97,71,8.23,broken clouds
421,Itarema,BR,-2.9248,-39.9167,77.05,86,100,10.18,overcast clouds
422,Waitakere,NZ,-36.9175,174.6577,66.61,88,75,1.01,broken clouds
423,Tungor,RU,53.3808,142.9564,6.71,92,99,21.47,overcast clouds
424,Humaita,BR,-7.5061,-63.0208,75.11,94,100,2.57,overcast clouds
425,Cabo San Lucas,MX,22.8909,-109.9124,74.52,70,20,3.0,few clouds
426,Ponta Delgada,PT,37.7333,-25.6667,61.5,77,40,12.66,scattered clouds
427,Kachiry,KZ,53.0675,76.1036,17.29,94,92,8.05,overcast clouds
428,Menongue,AO,-14.6585,17.691,63.84,76,100,9.28,overcast clouds
429,Northam,GB,51.0333,-4.2167,47.82,92,70,17.58,broken clouds
430,Merke,KZ,42.8728,73.1786,30.6,64,16,3.2,few clouds
431,Yerbogachen,RU,61.2767,108.0108,-9.42,100,98,2.84,overcast clouds
432,Erenhot,CN,43.6475,111.9767,6.39,89,100,16.44,overcast clouds
433,Puerto Del Rosario,ES,28.5004,-13.8627,65.95,48,20,4.61,haze
434,Vila Velha,BR,-20.3297,-40.2925,87.75,62,40,13.8,thunderstorm
435,Kampot,KH,10.6167,104.1833,75.25,84,9,3.91,clear sky
436,Groton,US,41.3501,-72.0784,23.92,34,0,1.01,clear sky
437,Joensuu,FI,62.6012,29.7632,22.26,91,100,6.91,light snow
438,Dzhebariki-Khaya,RU,62.2167,135.8,-37.79,100,68,1.36,broken clouds
439,Khasan,RU,42.4308,130.6434,19.35,52,0,17.11,clear sky
440,Sinnamary,GF,5.3833,-52.95,80.6,75,58,10.04,broken clouds
441,Vestmannaeyjar,IS,63.4427,-20.2734,29.39,64,40,34.52,scattered clouds
442,Turukhansk,RU,65.8167,87.9833,0.99,95,100,8.63,overcast clouds
443,Lapeer,US,43.0514,-83.3188,25.02,63,100,0.0,overcast clouds
444,Khategaon,IN,22.6,76.9167,62.85,29,0,2.98,clear sky
445,Taree,AU,-31.9,152.4667,70.57,100,89,1.14,overcast clouds
446,San Julian,MX,21.0167,-102.1667,68.86,23,0,6.11,clear sky
447,Maceio,BR,-9.6658,-35.7353,89.04,62,40,16.11,scattered clouds
448,Wodonga,AU,-36.1167,146.8833,68.95,100,4,0.0,clear sky
449,Bilibino,RU,68.0546,166.4372,-8.66,92,100,5.01,overcast clouds
450,Russell,US,32.3502,-85.1999,57.11,35,0,9.22,clear sky
451,Mastic Beach,US,40.7668,-72.8521,25.5,53,0,1.99,clear sky
452,Areosa,PT,41.7178,-8.8571,61.86,64,1,8.28,clear sky
453,Imeni Poliny Osipenko,RU,52.4201,136.4853,-4.47,99,100,4.07,overcast clouds
454,Morondava,MG,-20.2833,44.2833,83.39,73,7,16.51,clear sky
455,Vila Franca Do Campo,PT,37.7167,-25.4333,61.2,79,80,14.54,broken clouds
456,Brownsville,US,25.9018,-97.4975,71.55,65,75,5.99,broken clouds
457,Tezu,IN,27.9167,96.1667,53.26,53,61,3.8,broken clouds
458,Kapuskasing,CA,49.4169,-82.4331,-0.31,71,75,10.36,broken clouds
459,Sabla,NG,12.7525,4.7077,78.22,11,62,11.12,broken clouds
460,Amahai,ID,-3.3333,128.9167,78.98,82,100,8.46,light rain
461,Esil,KZ,51.9556,66.4042,12.87,94,100,11.92,overcast clouds
462,Mount Gambier,AU,-37.8333,140.7667,62.51,94,100,6.91,overcast clouds
463,Garango,BF,11.8,-0.5506,84.58,7,26,10.51,scattered clouds
464,Geoagiu,RO,45.9167,23.2,36.05,87,96,11.83,overcast clouds
465,Spiridonovka,RU,53.0925,50.6462,25.81,96,100,10.33,overcast clouds
466,Coldstream,GB,55.6511,-2.2529,42.78,88,100,24.09,light rain
467,Znamenskoye,RU,57.1281,73.8282,7.05,96,100,6.67,overcast clouds
468,Taltal,CL,-25.4,-70.4833,68.23,70,25,6.8,scattered clouds
469,Ceres,US,37.5949,-120.9577,54.25,87,0,4.61,clear sky
470,Ostrovnoy,RU,68.0531,39.5131,2.64,97,91,8.1,overcast clouds
471,Gao,ML,16.6362,1.637,76.6,12,4,11.99,clear sky
472,Dakar,SN,14.6937,-17.4441,74.28,73,0,18.41,clear sky
473,Butembo,CD,0.15,29.2833,66.83,55,99,2.77,overcast clouds
474,Tual,ID,-5.6667,132.75,83.66,75,100,17.67,overcast clouds
475,Wamba,NG,8.9333,8.6,79.52,11,81,6.26,broken clouds
476,Orsta,NO,62.2029,6.1272,33.98,86,75,1.14,broken clouds
477,Nevelsk,RU,46.6733,141.8633,-23.37,74,100,13.2,light snow
478,Tsumeb,NA,-19.2333,17.7167,72.95,81,98,5.21,moderate rain
479,Panguna,PG,-6.3164,155.4848,68.95,97,100,2.01,light rain
480,Riverton,US,40.5219,-111.9391,40.44,60,0,4.0,clear sky
481,Moron,AR,-34.6534,-58.6198,88.02,48,0,3.0,clear sky
482,College,US,64.8569,-147.8028,-29.0,66,20,0.0,light snow
483,Kirkuk,IQ,35.4681,44.3922,45.95,65,24,2.8,few clouds
484,Funtua,NG,11.5233,7.3081,68.85,13,68,9.98,broken clouds
485,Jermuk,AM,39.8417,45.6723,9.95,96,98,2.28,overcast clouds
486,Mopti,ML,14.6667,-4.0,86.97,8,26,11.95,scattered clouds
487,Pavlivka,UA,49.4414,28.4596,32.65,90,85,15.43,overcast clouds
488,Liepaja,LV,56.5419,21.0367,33.85,93,75,21.85,broken clouds
489,Batagay,RU,67.6333,134.6333,-34.06,99,41,2.57,scattered clouds
490,Yarada,IN,17.65,83.2667,70.12,83,20,2.3,mist
491,Constantine,DZ,36.365,6.6147,47.61,49,0,5.75,clear sky
492,Kuybyshevo,RU,47.8123,38.9073,35.01,88,100,15.46,overcast clouds
493,Champerico,GT,14.3,-91.9167,91.35,60,5,7.54,clear sky
494,Sapozhok,RU,53.9419,40.6806,25.97,94,100,15.17,snow
495,Tocopilla,CL,-22.092,-70.1979,71.01,65,2,7.11,clear sky
496,Autazes,BR,-3.5797,-59.1306,77.27,86,99,4.34,light rain
497,Namatanai,PG,-3.6667,152.4333,78.55,82,92,3.02,light rain
498,Zuwarah,LY,32.9312,12.082,54.43,61,1,6.98,clear sky
499,Tigil,RU,57.8,158.6667,16.12,87,100,13.4,overcast clouds
500,Sokoni,TZ,-6.4333,39.55,80.6,78,96,12.82,overcast clouds
501,Ajdabiya,LY,30.7554,20.2263,56.17,61,98,19.77,overcast clouds
502,Independenta,RO,45.4833,27.75,39.0,59,42,8.1,scattered clouds
503,Westport,US,41.1415,-73.3579,25.92,45,0,1.99,clear sky
504,Korgen,NO,66.0771,13.8153,35.31,97,100,6.49,light snow
505,Ternate,ID,0.8,127.4,79.61,81,100,8.61,overcast clouds
506,Obo,CF,5.3998,26.4869,77.07,19,100,5.53,overcast clouds
507,Reporoa,NZ,-38.4333,176.35,59.41,94,23,1.12,few clouds
508,Bafq,IR,31.6128,55.4107,48.25,28,4,1.45,clear sky
509,Dalvik,IS,65.9702,-18.5286,28.33,78,93,20.0,overcast clouds
510,Bukan,IR,36.521,46.2089,13.5,92,15,6.76,few clouds
511,Wilkie,CA,52.4168,-108.7014,23.9,80,27,9.26,scattered clouds
512,Terrace,CA,54.5163,-128.6035,37.42,100,75,13.8,shower sleet
513,Atar,MR,20.5169,-13.0499,89.22,8,100,7.96,overcast clouds
514,Saldanha,ZA,-33.0117,17.9442,86.05,87,62,18.03,broken clouds
515,Faya,SA,18.3851,42.4509,55.92,80,10,5.5,clear sky
516,Dourbali,TD,11.8091,15.8632,72.57,13,37,11.05,scattered clouds
517,Grand Gaube,MU,-20.0064,57.6608,81.0,73,44,3.0,scattered clouds
518,Bud,US,39.447,-86.1758,37.47,58,31,11.45,scattered clouds
519,Saurimo,AO,-9.6608,20.3916,66.94,89,87,2.77,light rain
520,Dukat,RU,62.55,155.55,-13.32,99,85,6.35,overcast clouds
521,Palmer,US,42.1584,-72.3287,22.73,37,20,4.0,few clouds
522,Vangaindrano,MG,-23.35,47.6,74.08,81,1,4.85,clear sky
523,Palembang,ID,-2.9167,104.7458,78.89,94,20,3.44,few clouds
524,Sovetsk,RU,55.0839,21.8785,32.04,90,100,29.62,light snow
525,Cotonou,BJ,6.3654,2.4183,87.78,33,78,5.75,dust
526,Dingle,PH,10.9995,122.6711,75.42,92,78,2.51,broken clouds
527,Wewak,PG,-3.5534,143.6268,76.28,91,100,12.37,overcast clouds
528,Bathsheba,BB,13.2167,-59.5167,84.81,61,20,19.57,few clouds
529,Saint-Joseph,RE,-21.3667,55.6167,79.18,78,49,12.08,scattered clouds
530,Borogontsy,RU,62.6683,131.1683,-35.97,100,84,1.05,broken clouds
531,Moranbah,AU,-22.0016,148.0466,72.23,92,52,8.5,broken clouds
532,Camacha,PT,33.0833,-16.3333,64.53,82,40,16.11,scattered clouds
533,Verkh-Usugli,RU,52.7,115.1667,-15.79,97,8,3.09,clear sky
534,Christchurch,NZ,-43.5333,172.6333,63.0,84,58,1.01,broken clouds
535,Olinda,BR,-8.0089,-34.8553,85.73,70,40,11.5,scattered clouds
536,Shenkursk,RU,62.1091,42.896,3.15,98,79,4.0,broken clouds
537,Namibe,AO,-15.1961,12.1522,73.35,73,98,8.14,overcast clouds
538,Capaci,IT,38.1711,13.2393,56.8,68,0,14.97,clear sky
539,Zhigansk,RU,66.7697,123.3711,-33.05,100,97,2.42,overcast clouds
540,Tutoia,BR,-2.7619,-42.2744,89.58,64,99,11.16,overcast clouds
541,Southbridge,US,42.0751,-72.0334,21.56,35,15,1.01,few clouds
542,Osa,RU,57.2829,55.4567,6.71,98,99,3.09,overcast clouds
543,Kuytun,RU,54.3419,101.5036,-6.2,98,100,3.02,overcast clouds
544,Shawnee,US,39.05,-95.7669,44.33,54,0,1.99,clear sky
545,Ulefoss,NO,59.2838,9.2646,35.19,82,63,3.83,broken clouds
546,Ust-Ilimsk,RU,58.0006,102.6619,-1.79,100,99,2.57,overcast clouds
547,Manaus,BR,-3.1019,-60.025,82.9,83,75,6.91,broken clouds
548,Puquio,PE,-14.7,-74.1333,55.08,67,96,11.7,overcast clouds
549,Pizhanka,RU,57.4604,48.542,13.15,96,95,7.25,overcast clouds
550,Maldonado,UY,-34.6667,-54.9167,84.22,42,2,11.01,clear sky
551,Oistins,BB,13.0667,-59.5333,84.29,61,20,19.57,few clouds
552,Mareeba,AU,-17.0,145.4333,72.45,93,72,1.88,broken clouds
553,Booue,GA,-0.0921,11.9385,81.41,61,100,2.98,overcast clouds
554,Chapleau,CA,47.8405,-83.4034,5.09,72,75,6.91,broken clouds
555,Nadym,RU,65.5333,72.5167,-7.19,96,76,8.34,broken clouds
556,Pereslavl-Zalesskiy,RU,56.7393,38.8563,21.56,92,100,11.32,light snow
557,Half Moon Bay,US,37.4636,-122.4286,58.87,85,75,1.01,mist
558,Kumluca,TR,36.3703,30.2869,48.67,91,99,2.28,overcast clouds
559,Bama,NG,11.5221,13.6856,69.31,20,5,9.17,clear sky
560,Talaya,RU,61.3833,152.75,-17.03,99,100,5.12,overcast clouds
561,Husavik,IS,66.0449,-17.3389,28.31,70,74,27.49,broken clouds
562,Narrabri,AU,-30.3167,149.7833,71.53,78,38,5.93,scattered clouds
563,Marystown,CA,47.1666,-55.1483,35.91,76,100,33.51,overcast clouds
564,Sibolga,ID,1.7427,98.7792,76.48,90,98,2.51,overcast clouds
565,Sidi Ali,DZ,36.0998,0.4206,53.92,44,0,7.11,clear sky
566,Hualmay,PE,-11.0964,-77.6139,75.4,71,100,10.71,overcast clouds
567,Gedo,ET,9.0167,37.45,59.43,34,59,2.73,broken clouds
568,Abu Dhabi,AE,24.4667,54.3667,68.11,70,0,1.01,clear sky
569,Ayan,RU,56.45,138.1667,1.04,69,100,17.52,overcast clouds
570,Vega De Alatorre,MX,20.0333,-96.6333,69.08,68,17,8.21,few clouds
571,Watertown,US,42.3709,-71.1828,23.05,54,0,8.01,snow
572,Sept-Iles,CA,50.2001,-66.3821,9.05,64,75,11.99,broken clouds
573,Bambanglipuro,ID,-7.95,110.2833,63.61,89,100,4.03,overcast clouds
574,Aykhal,RU,66.0,111.5,-21.89,100,59,3.15,broken clouds
575,Goundam,ML,16.4145,-3.6708,84.79,9,73,11.65,broken clouds
576,Charleston,US,32.7766,-79.9309,50.11,31,0,5.01,clear sky
577,Capao Da Canoa,BR,-29.7456,-50.0097,75.85,62,22,16.93,few clouds
578,Turayf,SA,31.6725,38.6637,48.45,43,0,13.8,clear sky
579,Catanduva,BR,-21.1378,-48.9728,84.49,89,99,6.51,overcast clouds
580,Praia Da Vitoria,PT,38.7333,-27.0667,61.75,77,75,20.85,broken clouds
581,Baoqing,CN,46.3317,132.2111,-8.68,96,30,3.76,scattered clouds
582,Great Bend,US,38.3645,-98.7648,49.84,44,0,1.01,clear sky
583,Mandera,KE,3.9366,41.867,86.02,21,97,9.84,overcast clouds
584,Khilok,RU,51.3674,110.4676,-15.47,98,76,2.93,broken clouds
585,Koutsouras,GR,35.0339,25.9469,53.11,78,28,5.21,scattered clouds
586,Kemijarvi,FI,66.7131,27.4306,-0.98,99,96,3.18,overcast clouds
587,Salalah,OM,17.0151,54.0924,75.29,69,0,3.44,clear sky
588,Puerto Suarez,BO,-18.95,-57.8,88.36,66,75,6.91,broken clouds
589,Port Hueneme,US,34.1478,-119.1951,69.78,25,0,6.91,clear sky
590,Port Macquarie,AU,-31.4333,152.9167,69.89,100,40,4.61,scattered clouds
591,Sulangan,PH,11.1373,123.7228,81.52,75,51,3.76,broken clouds
592,Andros,GR,37.8333,24.9333,52.36,71,90,8.84,overcast clouds
593,Tiruchchirappalli,IN,10.8167,78.6833,77.11,83,40,3.44,mist
594,Nyurba,RU,63.2842,118.3319,-19.53,99,59,4.43,broken clouds
595,Zhezkazgan,KZ,47.8043,67.7144,18.12,96,100,6.82,overcast clouds
596,Embonas,GR,36.2269,27.8564,49.84,77,67,3.62,broken clouds
597,Vao,NC,-22.6667,167.4833,79.18,87,99,10.36,overcast clouds
598,Tubuala,PA,9.5167,-79.0333,89.71,63,61,13.91,broken clouds
599,Inta,RU,66.0317,60.1659,0.88,91,100,5.06,overcast clouds
600,Glotovka,RU,53.9491,46.7042,24.44,86,85,7.38,overcast clouds
601,Bria,CF,6.5423,21.9863,79.79,18,47,3.74,scattered clouds
602,Sao Joao Da Barra,BR,-21.6403,-41.0511,91.49,73,61,8.5,broken clouds
603,Zheleznodorozhnyy,RU,55.7503,38.0042,26.82,95,100,11.72,snow
604,Anadyr,RU,64.75,177.4833,-17.9,75,75,1.99,fog
605,Severomuysk,RU,56.1481,113.4267,-22.11,97,62,3.27,broken clouds
606,Miyako,JP,39.6367,141.9525,24.17,59,90,6.22,overcast clouds
607,Hailun,CN,47.45,126.9333,-18.67,100,26,4.52,scattered clouds
608,Mayo,US,38.8876,-76.5119,31.05,44,100,4.0,overcast clouds
609,Olafsvik,IS,64.8945,-23.7142,28.67,59,100,38.23,light snow
610,Trinidad,BO,-14.8333,-64.9,85.98,70,75,5.75,broken clouds
611,Berlevag,NO,70.8578,29.0864,32.0,78,97,21.39,light snow
612,Ruston,US,32.5232,-92.6379,62.85,34,0,10.16,clear sky
613,Amarkantak,IN,22.6667,81.75,52.59,27,1,3.36,clear sky
614,Fairhope,US,30.523,-87.9033,62.76,44,0,5.99,clear sky
615,Conakry,GN,9.538,-13.6773,86.36,74,73,16.11,haze
616,Kloulklubed,PW,7.0419,134.2556,77.5,68,98,9.73,overcast clouds
617,Tarakan,ID,3.3,117.6333,78.94,80,87,2.73,overcast clouds
618,Te Anau,NZ,-45.4167,167.7167,53.47,95,16,0.83,few clouds
619,Le Vauclin,MQ,14.5452,-60.8388,84.25,58,40,18.41,scattered clouds
620,Vryburg,ZA,-26.9566,24.7284,67.5,79,99,9.17,light rain
621,Obigarm,TJ,38.7173,69.7088,27.79,81,100,3.78,overcast clouds
622,Corn Island,NI,12.1694,-83.0418,80.11,67,28,15.41,scattered clouds
623,Bintulu,MY,3.1667,113.0333,75.61,100,40,1.99,scattered clouds
624,Roald,NO,62.5833,6.1333,34.32,86,75,4.61,broken clouds
625,Bonthe,SL,7.5264,-12.505,82.92,64,24,12.55,few clouds
626,Palasa,IN,18.7667,84.4167,64.89,78,0,3.44,clear sky
627,Lixourion,GR,38.2019,20.4314,48.06,62,51,12.21,broken clouds
628,Nantucket,US,41.2835,-70.0995,23.09,59,0,18.41,clear sky
629,Marsh Harbour,BS,26.5412,-77.0636,62.42,59,99,12.03,overcast clouds
630,Gobabis,NA,-22.45,18.9667,68.65,80,96,15.88,overcast clouds
631,Huarmey,PE,-10.0681,-78.1522,73.65,77,100,8.39,overcast clouds
632,Wanaka,NZ,-44.7,169.15,56.1,82,8,1.99,clear sky
633,Warangal,IN,18.0,79.5833,65.68,26,2,0.67,clear sky
634,Shahr-E Kord,IR,32.3256,50.8644,29.97,31,0,6.91,clear sky
635,Costinesti,RO,43.95,28.6333,42.01,73,100,11.95,overcast clouds
636,Nelson Bay,AU,-32.7167,152.15,73.0,95,42,1.57,scattered clouds
637,Allen,US,41.0706,-85.0144,29.17,67,0,5.01,clear sky
638,Rocha,UY,-34.4833,-54.3333,82.81,42,6,9.57,clear sky
639,Cocobeach,GA,1.0002,9.5823,84.13,77,100,7.81,overcast clouds
640,Mandalgovi,MN,45.7625,106.2708,-0.99,80,7,12.08,clear sky
641,Sulphur Springs,US,33.1385,-95.6011,60.91,20,0,4.61,clear sky
642,Illescas,ES,40.1221,-3.847,56.59,31,0,1.07,clear sky
643,Capreol,CA,46.706,-80.9225,18.55,69,20,1.01,few clouds
644,Yaan,NG,7.3833,8.5667,86.14,11,84,7.29,broken clouds
645,Koumac,NC,-20.5667,164.2833,77.86,84,92,3.91,overcast clouds
646,Chabahar,IR,25.2919,60.643,71.92,77,0,14.16,clear sky
647,Bosaso,SO,11.2842,49.1816,75.34,67,44,5.57,scattered clouds
648,Ancud,CL,-41.8697,-73.8203,65.43,56,39,11.43,scattered clouds
649,Sanguem,IN,15.2333,74.1667,78.28,62,9,3.06,clear sky
650,Tura,IN,25.5198,90.2201,52.97,57,7,3.36,clear sky
651,Awbari,LY,26.5921,12.7805,50.68,40,0,7.74,clear sky
652,Opotiki,NZ,-38.0833,177.2833,60.39,88,12,4.16,few clouds
653,Paro,BT,27.4305,89.4133,37.31,90,99,1.12,overcast clouds
654,Camabatela,AO,-8.1881,15.375,63.81,97,100,3.02,light rain
655,Port Pirie,AU,-33.1833,138.0167,73.49,45,26,3.02,scattered clouds
656,Takaka,NZ,-40.85,172.8,61.56,73,1,3.96,clear sky
657,Deputatskiy,RU,69.3,139.9,-24.84,100,45,2.64,scattered clouds
658,Samsun,TR,41.25,36.3333,45.36,49,75,8.05,broken clouds
659,Boda,CF,4.3189,17.4695,80.85,18,97,4.47,overcast clouds
660,Pedernales,DO,18.0384,-71.744,79.68,70,6,8.7,clear sky
661,Manaure,CO,11.7751,-72.4445,82.51,64,9,14.9,clear sky
662,Griffith,US,41.5284,-87.4237,31.03,68,0,1.01,clear sky
663,Semnan,IR,35.5729,53.3971,37.24,32,0,2.3,clear sky
664,Karratha,AU,-20.7377,116.8463,83.5,60,49,22.24,scattered clouds
665,Amga,RU,60.8953,131.9608,-27.78,100,100,1.61,overcast clouds
666,Mangaratiba,BR,-22.9597,-44.0406,85.33,85,97,4.56,overcast clouds
667,Jian,CN,27.1172,114.9793,40.78,76,89,3.6,overcast clouds
668,Belyy Yar,RU,53.6039,91.3903,-19.14,80,100,0.0,fog
669,Saint-Georges,GD,12.0564,-61.7485,85.68,66,40,23.02,scattered clouds
670,Klaksvik,FO,62.2266,-6.589,34.72,82,100,15.93,overcast clouds
671,Ambilobe,MG,-13.2,49.05,75.69,93,73,2.19,light rain
672,Veinticinco De Mayo,AR,-35.4323,-60.1727,86.05,46,13,8.01,few clouds
673,Weatherford,US,32.7593,-97.7972,66.29,28,3,1.01,clear sky
674,Elko,US,41.0002,-115.5012,27.05,74,2,1.99,clear sky
675,Davidson,US,36.1501,-86.7833,52.12,39,0,5.99,clear sky
676,Khani,GE,41.9563,42.9566,31.57,87,98,4.29,overcast clouds
677,Caraballeda,VE,10.6112,-66.8522,90.37,35,75,5.75,broken clouds
678,Roebourne,AU,-20.7833,117.1333,86.0,53,47,20.27,scattered clouds
679,Niquelandia,BR,-14.4739,-48.4597,77.29,80,99,7.67,overcast clouds
680,Rosarito,MX,32.3333,-117.0333,66.31,37,0,3.29,clear sky
681,San Policarpo,PH,12.1791,125.5072,77.77,84,23,1.43,few clouds
682,Quatre Cocos,MU,-20.2078,57.7625,80.71,84,55,17.96,broken clouds
683,Yinchuan,CN,38.4681,106.2731,17.92,28,0,6.96,clear sky
684,Nauta,PE,-4.5061,-73.5757,89.31,45,100,3.31,overcast clouds
685,Port Keats,AU,-14.25,129.55,80.85,80,58,21.09,broken clouds
686,Catalina,US,32.5056,-110.9211,62.1,27,64,1.99,broken clouds
687,Matay,EG,28.419,30.7792,54.9,41,5,7.07,clear sky
688,Kashan,IR,33.9831,51.4364,42.39,36,0,4.61,clear sky
689,Sakaiminato,JP,35.55,133.2333,35.58,100,75,3.44,broken clouds
690,Kifri,IQ,34.6959,44.9661,48.24,60,10,2.1,clear sky
691,Ekpoma,NG,6.7421,6.139,81.93,16,100,3.36,overcast clouds
692,Komsomolskoye,RU,55.2567,47.5461,3.83,100,92,4.27,overcast clouds
693,Jonkoping,SE,57.7814,14.1562,36.9,60,20,14.97,few clouds
694,Wurzburg,DE,49.7878,9.9361,41.23,79,17,7.49,few clouds
695,Flinders,AU,-34.5833,150.8552,71.38,83,73,3.62,broken clouds
696,Kyra,RU,49.5776,111.9753,-10.48,94,8,5.12,clear sky
697,Denia,ES,38.8408,0.1057,59.86,48,0,9.71,clear sky
698,Shaumiani,GE,41.3527,44.7618,37.22,51,75,5.61,broken clouds
699,Vokhma,RU,58.9303,46.7586,3.42,100,92,3.74,overcast clouds
700,Yangambi,CD,0.8102,24.4336,78.33,34,70,2.04,broken clouds
701,Alness,GB,57.696,-4.2551,44.37,88,100,7.07,overcast clouds
702,Karwar,IN,14.8,74.1333,74.43,63,16,8.77,few clouds
703,Shaping,CN,22.7545,112.9565,57.49,40,88,9.46,overcast clouds
704,Praia,CV,14.9215,-23.5087,70.34,68,100,26.46,overcast clouds
